target,MAE,RMSE,R2
price_gap_pct,0.1700569817623176,0.2644522352932517,0.5743221206493846
