metric,value
MAE,9.086532847015993
RMSE,13.860075392584697
R2,0.8990423146035226
